===================================================================
ModernDive Book: bookdown to Quarto Conversion Summary
===================================================================

Date: 2025-11-18
Branch: copilot/convert-bookdown-to-quarto

CONVERSION COMPLETED SUCCESSFULLY
===================================================================

Files Changed:
- Created: _quarto.yml (replaces _bookdown.yml and _output.yml)
- Created: .github/workflows/quarto-publish.yml
- Created: QUARTO_MIGRATION.md
- Renamed: deploy_bookdown.yml → deploy_bookdown.yml.deprecated
- Renamed: 43 .Rmd files → .qmd files
- Updated: purl.R, _build.sh, .gitignore, DESCRIPTION, README.md
- Updated: All chapter .qmd files with Quarto-compatible syntax

Key Syntax Conversions:
1. Headers: {-} → {.unnumbered}
2. Functions: is_html_output() → knitr::is_html_output()
3. Functions: is_latex_output() → knitr::is_latex_output()
4. Blocks: ```{block, type='learncheck'} → ::: {.learncheck}
5. Parts: Inline (PART) headers → Defined in _quarto.yml

Content Preserved:
✓ All text content unchanged
✓ All code examples unchanged
✓ All images and data files unchanged
✓ Cross-references maintained (bookdown syntax still works)
✓ Custom CSS styling preserved
✓ Bibliography and citations preserved

New Build Process:
- Command: quarto render
- Output: docs/ directory (unchanged)
- Workflow: GitHub Actions with Quarto

Testing Required:
□ Local build test: quarto render
□ Verify HTML output matches previous version
□ Test cross-references work correctly
□ Verify custom blocks (learncheck, announcement) render properly
□ Test GitHub Actions workflow deployment

Documentation:
✓ QUARTO_MIGRATION.md created with full migration guide
✓ README.md updated to reference Quarto
✓ Preface updated to mention Quarto

Next Steps:
1. Test local build with: quarto render
2. Review rendered output in docs/
3. Test GitHub Actions workflow
4. Merge to v2 branch when ready

===================================================================

Merge Details:
- Merged with origin/v2 (commit 072c06dc)
- Resolved file rename conflicts
- All .qmd files contain updated content from v2
